,count,mean,std,min,25%,50%,75%,max
danceability,32833.0,0.6548495202996985,0.14508532044765135,0.0,0.563,0.672,0.761,0.983
energy,32833.0,0.6986192707032559,0.18091003391959107,0.000175,0.581,0.721,0.84,1.0
loudness,32833.0,-6.719499131970882,2.988436386332407,-46.448,-8.171,-6.166,-4.645,1.275
speechiness,32833.0,0.10706806871135748,0.101314131511281,0.0,0.041,0.0625,0.132,0.918
acousticness,32833.0,0.17533371507934092,0.21963254030407936,0.0,0.0151,0.0804,0.255,0.994
instrumentalness,32833.0,0.08474716133310999,0.22423012401751716,0.0,0.0,1.61e-05,0.00483,0.994
liveness,32833.0,0.19017619529132274,0.1543172792439105,0.0,0.0927,0.127,0.248,0.996
valence,32833.0,0.5105609737154692,0.2331459743695146,0.0,0.331,0.512,0.693,0.991
tempo,32833.0,120.88113154448268,26.903624171880182,0.0,99.96,121.984,133.918,239.44
